<?xml version="1.0" encoding="UTF-8"?>
<!DOCTYPE hibernate-configuration SYSTEM
"http://www.hibernate.org/dtd/hibernate-configuration-3.0.dtd">

<hibernate-configuration>
    <session-factory>
        <property name="connection.driver_class">com.mysql.jdbc.Driver</property>
        <property name="connection.url">jdbc:mysql://localhost:3306/plantshop</property>
        <property name="connection.username">root</property>
        <property name="connection.password">admin</property>
        <property name="dialect">org.hibernate.dialect.MySQL8Dialect</property>
        <property name="hbm2ddl.auto">update</property>
        <property name="show_sql">true</property>
        <mapping class="com.onlinenursery.plantshop.entities.User" />
        <mapping class="com.onlinenursery.plantshop.entities.Category" />
        <mapping class="com.onlinenursery.plantshop.entities.Product" />
        <mapping class="com.onlinenursery.plantshop.entities.Orders" />
       
    </session-factory>
</hibernate-configuration>